label,name,frames,mark,type
,01t,1386,1-1386,long
,02t,31779,1-31779,long
,03t,16276,1-11270-11420-16726,long
,04t,20964,90-20785,long
,05t,14025,230-480-648-1710-1974-3020-3190-3890-4070-6512-6700-7472-7609-8023-8227-8954-9786-11937-12090-10425,long
,06t,5294,149-1191-1273-3270-3360-4827,long
,07t,1358,1-1358,long
,08t,7760,80-7570,long
,11t,3370,1-3370,long
,15t,2688,1-2688,long
,16t,1200,1-1200,long
,17t,3260,1-3260,long
,19t,2059,1-840-983-2059,long
,21t,1664,1-540-720-1664,long
,22t,1543,1-1543,long
,23t,1996,114-599-710-1183-1481-1996,long
,24t,6991,1-4899-4955-5305-5980-6305,long
,25t,1457,1-1457,long
,26t,34881,110-11127-12412-16794-17892-20826-21724-24800-25720-30353-30859-32359-33471-34881,long
,27t,774,1-774,long
,29t,576,1-576,long
,30t,2064,1-2064,long
,01s,,,shortyes
,02s,,,shortyes
,03s,,,shortyes
,04s,,,shortyes
,05s,,,shortyes
,06s,,,shortyes
,07s,,,shortyes
,08s,,,shortyes
,09s,,,shortyes
,10s,,,shortyes
,11s,,,shortyes
,12s,,,shortyes
,13s,,,shortyes
,14s,,,shortyes
,15s,,,shortyes
,16s,,,shortyes
,17s,,,shortyes
,18s,,,shortyes
,19s,,,shortyes
,20s,,,shortyes
,21s,,,shortyes
,22s,,,shortyes
,23s,,,shortyes
,24s,,,shortyes
,25s,,,shortyes
,26s,,,shortyes
,27s,,,shortyes
,28s,,,shortyes
,29s,,,shortyes
,30s,,,shortyes
,31s,,,shortyes
,32s,,,shortyes
,33s,,,shortyes
,34s,,,shortyes
,35s,,,shortyes
,36s,,,shortyes
,37s,,,shortyes
,38s,,,shortyes
,39s,,,shortyes
,40s,,,shortyes
,41s,,,shortyes
,42s,,,shortyes
,43s,,,shortyes
,44s,,,shortyes
,45s,,,shortyes
,46s,,,shortyes
,47s,,,shortyes
,48s,,,shortyes
,49s,,,shortyes
,50s,,,shortyes
,51s,,,shortyes
,52s,,,shortyes
,53s,,,shortyes
,54s,,,shortyes
,01n,,,shortno
,02n,,,shortno
,03n,,,shortno
,04n,,,shortno
,05n,,,shortno
,06n,,,shortno
,07n,,,shortno
,08n,,,shortno
,09n,,,shortno
,10n,,,shortno
,11n,,,shortno
,12n,,,shortno
,13n,,,shortno
,14n,,,shortno
,15n,,,shortno
,16n,,,shortno
,17n,,,shortno
,18n,,,shortno
,19n,,,shortno
,20n,,,shortno
,21n,,,shortno
,22n,,,shortno
,23n,,,shortno
,24n,,,shortno
,25n,,,shortno
,26n,,,shortno
,27n,,,shortno
,28n,,,shortno
,29n,,,shortno
,30n,,,shortno
,31n,,,shortno
,32n,,,shortno
,33n,,,shortno
,34n,,,shortno
,35n,,,shortno
,36n,,,shortno
,37n,,,shortno
,38n,,,shortno
,39n,,,shortno
,40n,,,shortno
,41n,,,shortno
,42n,,,shortno
,43n,,,shortno
,44n,,,shortno
,45n,,,shortno
,46n,,,shortno
,47n,,,shortno
,48n,,,shortno
,49n,,,shortno
,50n,,,shortno
,51n,,,shortno
,52n,,,shortno
,53n,,,shortno
,54n,,,shortno
,55n,,,shortno
,56n,,,shortno
,57n,,,shortno
,58n,,,shortno
,59n,,,shortno
,60n,,,shortno
,61n,,,shortno
,62n,,,shortno
,63n,,,shortno
,64n,,,shortno
,65n,,,shortno
,66n,,,shortno
,67n,,,shortno
,68n,,,shortno
,69n,,,shortno
,70n,,,shortno
,71n,,,shortno
,72n,,,shortno
,73n,,,shortno
,74n,,,shortno
,75n,,,shortno
,76n,,,shortno
,77n,,,shortno
,78n,,,shortno
,79n,,,shortno
,80n,,,shortno
,81n,,,shortno
,82n,,,shortno
,83n,,,shortno
,84n,,,shortno
,85n,,,shortno
,86n,,,shortno
,87n,,,shortno
,88n,,,shortno
,89n,,,shortno
,90n,,,shortno
,91n,,,shortno
,92n,,,shortno
,93n,,,shortno
,94n,,,shortno
,95n,,,shortno
,96n,,,shortno
,97n,,,shortno
,98n,,,shortno
,99n,,,shortno
,100n,,,shortno
,101n,,,shortno
,102n,,,shortno
,103n,,,shortno
,104n,,,shortno
,105n,,,shortno
,106n,,,shortno
,107n,,,shortno
,108n,,,shortno
,109n,,,shortno
,110n,,,shortno
,111n,,,shortno
,112n,,,shortno
,113n,,,shortno
,114n,,,shortno
,115n,,,shortno
,116n,,,shortno
,117n,,,shortno
,118n,,,shortno
,119n,,,shortno
,120n,,,shortno
,121n,,,shortno
,122n,,,shortno
,123n,,,shortno
,124n,,,shortno
,125n,,,shortno
,126n,,,shortno
,127n,,,shortno
,128n,,,shortno
,129n,,,shortno
,130n,,,shortno
,131n,,,shortno
,132n,,,shortno
,133n,,,shortno
,134n,,,shortno
,135n,,,shortno
,136n,,,shortno
,137n,,,shortno
,138n,,,shortno
,139n,,,shortno
,140n,,,shortno
,141n,,,shortno
,142n,,,shortno
,143n,,,shortno
,144n,,,shortno
,145n,,,shortno
,146n,,,shortno
,147n,,,shortno
,148n,,,shortno
,149n,,,shortno
,150n,,,shortno
,151n,,,shortno
,152n,,,shortno
,153n,,,shortno
,154n,,,shortno
,155n,,,shortno
,156n,,,shortno
,157n,,,shortno
,158n,,,shortno
,159n,,,shortno
,160n,,,shortno
,161n,,,shortno
,162n,,,shortno
,163n,,,shortno
,164n,,,shortno
,165n,,,shortno
,166n,,,shortno
,167n,,,shortno
,168n,,,shortno
,169n,,,shortno
,170n,,,shortno
,171n,,,shortno
,172n,,,shortno
,173n,,,shortno
,174n,,,shortno
,175n,,,shortno
,176n,,,shortno
,177n,,,shortno
,178n,,,shortno
,179n,,,shortno
,180n,,,shortno
,181n,,,shortno
,182n,,,shortno
,183n,,,shortno
,184n,,,shortno
,185n,,,shortno
,186n,,,shortno
,187n,,,shortno
,188n,,,shortno
,189n,,,shortno
,190n,,,shortno
,191n,,,shortno
,192n,,,shortno
,193n,,,shortno
,194n,,,shortno
,195n,,,shortno
,196n,,,shortno
,197n,,,shortno
,198n,,,shortno
,199n,,,shortno
,200n,,,shortno
,201n,,,shortno
,202n,,,shortno
,203n,,,shortno
,204n,,,shortno
,205n,,,shortno
,206n,,,shortno
,207n,,,shortno
,208n,,,shortno
,209n,,,shortno
,210n,,,shortno
,211n,,,shortno
,212n,,,shortno
,213n,,,shortno
,214n,,,shortno
,215n,,,shortno
,216n,,,shortno
,217n,,,shortno
,218n,,,shortno
,219n,,,shortno
,220n,,,shortno
,221n,,,shortno
,222n,,,shortno
,223n,,,shortno
,224n,,,shortno
,225n,,,shortno
,226n,,,shortno
,227n,,,shortno
,228n,,,shortno
,229n,,,shortno
,230n,,,shortno
,231n,,,shortno
,232n,,,shortno
,233n,,,shortno
,234n,,,shortno
,235n,,,shortno
,236n,,,shortno
,237n,,,shortno
,238n,,,shortno
,239n,,,shortno
,240n,,,shortno
,241n,,,shortno
,242n,,,shortno
,243n,,,shortno
,244n,,,shortno
,245n,,,shortno
,246n,,,shortno
,247n,,,shortno
,248n,,,shortno
,249n,,,shortno
,250n,,,shortno
,251n,,,shortno
,252n,,,shortno
,253n,,,shortno
,254n,,,shortno
,255n,,,shortno
,256n,,,shortno
,257n,,,shortno
,258n,,,shortno
,259n,,,shortno
,260n,,,shortno
,261n,,,shortno
,262n,,,shortno
,263n,,,shortno
,264n,,,shortno
,265n,,,shortno
,266n,,,shortno
,267n,,,shortno
,268n,,,shortno
,269n,,,shortno
,270n,,,shortno
,271n,,,shortno
,272n,,,shortno
,273n,,,shortno
,274n,,,shortno
,275n,,,shortno
,276n,,,shortno
,277n,,,shortno
,278n,,,shortno
,279n,,,shortno
,280n,,,shortno
,281n,,,shortno
,282n,,,shortno
,283n,,,shortno
,284n,,,shortno
,285n,,,shortno
,286n,,,shortno
,287n,,,shortno
,288n,,,shortno
,289n,,,shortno
,290n,,,shortno
,291n,,,shortno
,292n,,,shortno
,293n,,,shortno
,294n,,,shortno
,295n,,,shortno
,296n,,,shortno
,297n,,,shortno
,298n,,,shortno
,299n,,,shortno
,300n,,,shortno
,301n,,,shortno
,302n,,,shortno
,303n,,,shortno
,304n,,,shortno
,305n,,,shortno
,306n,,,shortno
,307n,,,shortno
,308n,,,shortno
,309n,,,shortno
,310n,,,shortno
,311n,,,shortno
,312n,,,shortno
,313n,,,shortno
,314n,,,shortno
,315n,,,shortno
,316n,,,shortno
,317n,,,shortno
,318n,,,shortno
,319n,,,shortno
,320n,,,shortno
,321n,,,shortno
,322n,,,shortno
,323n,,,shortno
,324n,,,shortno
,325n,,,shortno
,326n,,,shortno
,327n,,,shortno
,328n,,,shortno
,329n,,,shortno
